customerid,fname,lname,company,purchaseaccount#
1,Violet,Jack,8871,46055380
2,Mia,Elizabeth,2778,92682350
3,Sofia,Benjamin,6546,56452433
4,Ava,Violet,4179,48367643
5,Luna,Elijah,7873,97226745
6,Chloe,Levi,6643,61271386
7,Charlotte,Michael,7540,97637759
8,Samuel,Violet,5280,56826436
9,Benjamin,Evelyn,2116,36419710
10,Eleanor,Sophia,1100,84241658
11,Harper,William,9524,85095105
12,Scarlett,James,2340,66483217
13,William,Luna,1131,20655027
14,Olivia,Elizabeth,2422,43868598
15,Amelia,Sophia,1479,74433769
16,Elizabeth,Mateo,7897,54076019
17,Asher,Violet,4742,72757481
18,Chloe,Elizabeth,8391,29786786
19,Eleanor,Samuel,2078,33300439
20,Emma,Jack,9849,68317193
21,Sebastian,Samuel,1218,93255666
22,Charlotte,William,5069,25416956
23,Chloe,Elijah,8916,41642728
24,Levi,Isabella,1224,54101720
25,Charlotte,Amelia,7794,38365589
26,Henry,Emma,1454,47725510
27,Daniel,Daniel,2869,73145788
28,Sofia,Theodore,5235,45012941
29,Olivia,Sebastian,9763,54156078
30,Violet,Luna,8979,98901888
31,Oliver,Camila,6388,45064378
32,Daniel,Amelia,4181,19843487
33,Mila,Isabella,5887,19507192
34,Asher,Chloe,8994,48016519
35,Violet,Liam,8997,72160547
36,James,Evelyn,7411,49579809
37,Levi,Chloe,4299,88396276
38,Emma,Scarlett,2898,50800946
39,Violet,Mateo,6342,98218994
40,Sofia,Owen,7385,14019281
41,Alexander,Asher,4079,23903877
42,Ava,Lucas,7526,72035662
43,Camila,Daniel,8919,90665598
44,Emma,Henry,6456,89258062
45,Violet,Violet,4477,60688428
46,Harper,Theodore,5412,83049592
47,William,Mila,7026,26028025
48,Samuel,Eleanor,7792,99835021
49,Liam,Chloe,9486,85607484
50,Lucas,James,8917,93760822
51,Noah,Noah,3441,99235643
52,Evelyn,Luna,1354,30984194
53,Camila,Scarlett,8550,90522039
54,William,Charlotte,2854,32809826
55,Liam,Owen,7196,29519997
56,Camila,Harper,5521,86266115
57,Mila,Owen,6691,22831282
58,Samuel,Emily,5024,21433137
59,Harper,Isabella,9928,57406938
60,Emma,Elijah,6014,50853982
61,Mateo,Chloe,1352,18216872
62,Sofia,Violet,2106,13895456
63,Mateo,Elizabeth,8427,68520116
64,Asher,Jack,8300,68019435
65,Mateo,Mia,9827,83063006
66,Sofia,Chloe,7798,80491595
67,Owen,Mia,7292,74782831
68,Lucas,Liam,7338,52515243
69,Alexander,Harper,5451,14859318
70,Mateo,Olivia,3838,50277103
71,Lucas,Luna,5025,50357505
72,Alexander,Evelyn,5115,31208086
73,Oliver,Emma,5688,97927935
74,Sophia,Elijah,6209,99094733
75,Sophia,Emily,5825,70964774
76,Mateo,Samuel,6750,32600879
77,Elijah,Emma,4792,83402873
78,Mia,Amelia,7495,49837491
79,Charlotte,Sophia,3256,27786710
80,Chloe,Ava,9299,21005706
81,Sophia,Amelia,5885,87876863
82,Benjamin,Evelyn,7445,35201134
83,Emily,Ava,4969,31215270
84,Benjamin,Camila,6182,45255555
85,Luna,Benjamin,8286,88168415
86,Camila,Sofia,3640,51127208
87,Harper,Asher,7968,79917836
88,Michael,Asher,1636,32718553
89,Henry,Levi,7171,54210630
90,Daniel,Asher,2372,58085097
91,Asher,Henry,9703,16643813
92,Sofia,Daniel,1323,13979751
93,Mateo,Harper,2984,33271961
94,Charlotte,Olivia,4154,57378588
95,Emma,Owen,7829,74780750
96,Charlotte,Henry,1751,91920470
97,Elijah,Noah,7238,69954033
98,Chloe,Scarlett,4634,72331042
99,Theodore,Elijah,2722,54948316
100,Ava,Emma,1794,34633213
101,Lucas,Mia,1122,69180863
102,Evelyn,Benjamin,8730,24238105
103,Scarlett,Michael,9375,36428256
104,Camila,Theodore,1723,48653902
105,Elijah,Mateo,1554,72250061
106,Charlotte,Olivia,7074,84758177
107,Liam,Alexander,2733,83446969
108,Alexander,Luna,1240,69024340
109,Mateo,Alexander,2444,65059263
110,Alexander,Noah,5726,96549430
111,Lucas,Samuel,9957,21089129
112,Elijah,Eleanor,6629,68991395
113,Levi,Scarlett,1588,66029924
114,Owen,Luna,9890,79489436
115,Benjamin,Sophia,1905,32939803
116,Mateo,Theodore,5513,36410221
117,Chloe,Camila,6908,16067084
118,Scarlett,Liam,1248,39412513
119,Samuel,Samuel,4578,55100782
120,Violet,Emily,2077,57716754
121,Eleanor,Amelia,6848,12653604
122,Benjamin,Asher,7770,75272253
123,Harper,Henry,1510,49447820
124,Camila,Violet,7583,24417076
125,Asher,Noah,7841,45494924
126,Sofia,Olivia,9933,86607737
127,Sebastian,Evelyn,6038,30284105
128,Emma,Luna,2654,20286049
129,Levi,Henry,2436,18620075
130,Theodore,Eleanor,4495,27094051
131,Levi,Oliver,4721,35507350
132,Daniel,Mateo,7442,74190697
133,Daniel,Samuel,9939,85561396
134,Emma,Eleanor,6306,11019693
135,Lucas,Asher,7330,68564668
136,Sebastian,Elijah,5800,94718110
137,Charlotte,Benjamin,9547,84472231
138,Sophia,Noah,8894,63532913
139,Sebastian,Mila,5859,10788786
140,Benjamin,William,7423,82235762
141,Mia,Noah,5317,19263832
142,James,Harper,7217,86629118
143,Emily,Camila,1929,23571071
144,Harper,Mila,4568,34980573
145,Ava,Alexander,3455,80587124
146,Sebastian,Levi,9528,96269854
147,Mia,Olivia,5948,36184666
148,Levi,Eleanor,4756,80621898
149,Emma,Lucas,5583,60680542
150,Oliver,Olivia,4410,18020356
151,Jack,Daniel,7658,77347425
152,Emma,Oliver,7500,64647313
153,Noah,Noah,7924,84254857
154,Mateo,Daniel,2303,52005386
155,Levi,Chloe,2804,72938549
156,Jack,James,5874,70984346
157,Violet,Samuel,6330,34115570
158,William,Ava,8485,46838265
159,James,Ava,3058,57901294
160,Scarlett,Jack,5391,35832252
161,Violet,Evelyn,9245,74133117
162,Emily,Benjamin,9776,18163182
163,Mateo,Michael,7226,48761250
164,Isabella,Olivia,9154,42937060
165,Lucas,Michael,4735,81155067
166,Sebastian,Sofia,2058,54688171
167,Eleanor,Luna,8401,41318184
168,Harper,Violet,7661,56797833
169,Jack,Alexander,7772,79159216
170,Eleanor,Jack,5547,17630022
171,Emma,Samuel,8508,13858613
172,Theodore,William,6123,98421571
173,Amelia,Daniel,9075,42423660
174,Emma,Isabella,4707,11967773
175,Amelia,Elizabeth,4299,66090960
176,Mateo,Camila,8999,35907831
177,Isabella,Samuel,7409,58895439
178,Asher,Amelia,6943,87034843
179,Charlotte,Evelyn,7478,44573195
180,Elizabeth,Sebastian,6784,35098947
181,Sebastian,Levi,3443,43644495
182,Chloe,Emily,3515,94774672
183,Mia,Luna,6851,35201723
184,Amelia,Daniel,7398,54027171
185,Owen,Mila,5425,50333589
186,Noah,Asher,9356,13833560
187,James,Daniel,5602,51630031
188,Camila,Oliver,4677,43280638
189,Samuel,Noah,2319,76393077
190,Luna,Ava,2279,56720064
191,James,Samuel,2831,21659360
192,Camila,Evelyn,7611,79203270
193,Camila,Violet,9025,95863195
194,Sebastian,Chloe,4307,32443745
195,Sebastian,Levi,5916,99924357
196,Elizabeth,Noah,9958,11266014
197,Theodore,Emily,7082,13103993
198,Alexander,Emily,6144,62558480
199,Amelia,Evelyn,6895,46324877
200,Noah,Camila,3883,86534696
201,Luna,Theodore,8229,71577953
202,Amelia,Daniel,9578,37550692
203,Mateo,Liam,9645,73475574
204,Ava,Asher,9891,76483319
205,Oliver,Levi,6803,59414362
206,Elijah,Chloe,1934,49459738
207,Asher,Violet,1192,71498504
208,Violet,Benjamin,9958,62943937
209,Lucas,Olivia,7578,83360937
210,Mateo,Sebastian,4729,18918936
211,Olivia,Emma,7108,17942092
212,Violet,Sofia,7430,13998713
213,Oliver,James,2406,42513656
214,Benjamin,Elizabeth,3432,41454632
215,Liam,Elijah,9457,48376746
216,Liam,Sophia,7248,15313212
217,Mia,Mila,1245,16698480
218,Asher,Chloe,6331,53589547
219,Oliver,Liam,9439,84702238
220,Mateo,Levi,7963,75594652
221,Levi,Samuel,3862,95729377
222,Emma,Benjamin,4725,24324414
223,Isabella,Levi,4536,55110330
224,Isabella,Violet,5413,33841636
225,Sebastian,Benjamin,2100,59838609
226,Liam,Chloe,7714,45952993
227,Luna,Charlotte,6576,65090930
228,Camila,Alexander,7050,91600558
229,Benjamin,Emma,3092,90668783
230,Oliver,Mia,8611,46279550
231,Sebastian,Violet,9141,14393499
232,Scarlett,Henry,8616,75826203
233,Elizabeth,Benjamin,7013,93421529
234,Elijah,Chloe,5531,86538859
235,Luna,Olivia,8963,88729883
236,Emma,Elizabeth,9131,83252906
237,Emily,Benjamin,8132,81479467
238,Eleanor,James,8819,49316603
239,Asher,Alexander,4961,91027800
240,Theodore,Alexander,6961,49755388
241,Levi,Mateo,7529,53846207
242,Daniel,Theodore,5510,94332436
243,William,Daniel,4186,67011721
244,Mila,Scarlett,4610,34133947
245,Levi,Oliver,7405,15881761
246,Elijah,Harper,6124,72308152
247,Sofia,Eleanor,9933,69811887
248,Oliver,Elijah,9780,36082476
249,Olivia,Chloe,5269,28636586
250,Alexander,Elizabeth,4641,11063184
251,Charlotte,Mila,2249,56528698
252,Levi,Mateo,9206,30771539
253,Alexander,Evelyn,4055,63385093
254,Asher,Eleanor,3682,81234698
255,Asher,Lucas,5429,52355586
256,Benjamin,Elizabeth,3805,72271988
257,Elizabeth,Henry,5674,36827222
258,Asher,Charlotte,3593,70408038
259,Mateo,Luna,4193,62914731
260,Emily,Sophia,5222,83079884
261,Eleanor,Evelyn,6190,99618504
262,Harper,Sofia,1364,63222661
263,Emily,Violet,3331,30448793
264,Mateo,Theodore,5230,40565745
265,Harper,Evelyn,9981,22374104
266,Olivia,Isabella,5912,23262736
267,Chloe,Jack,1574,27030942
268,Charlotte,Owen,1528,45570714
269,Michael,Amelia,9176,33833006
270,Sophia,Asher,4485,92381786
271,Levi,Elizabeth,5422,30350516
272,Noah,Asher,3703,13418825
273,Elijah,Emily,3241,25225715
274,Violet,Olivia,3181,57551417
275,Evelyn,Isabella,7928,66479196
276,Scarlett,Mateo,7162,88421948
277,Samuel,Henry,2261,89827992
278,Daniel,Liam,1180,23201144
279,Chloe,Elizabeth,7363,57268831
280,Samuel,Samuel,5463,26872945
281,Sebastian,Eleanor,2093,15731990
282,Oliver,Oliver,7284,19137802
283,Olivia,Liam,3157,29868022
284,Jack,William,8691,72069000
285,Daniel,Emily,8085,89169268
286,Daniel,Sophia,7732,75185004
287,Camila,Charlotte,5516,87914036
288,Luna,Sebastian,2680,93030281
289,Owen,Emily,2897,53967111
290,Violet,James,2870,48489690
291,Samuel,Ava,7352,64011706
292,Luna,James,1938,96037678
293,Lucas,Chloe,1269,52487364
294,Alexander,Amelia,3428,31446037
295,Emily,Theodore,1534,16656971
296,Oliver,Emily,5578,71799892
297,Henry,Michael,1697,94170786
298,Emma,Michael,3941,22499168
299,Theodore,Benjamin,7759,19968231
300,Mia,Levi,1101,68009905
301,Asher,Sophia,1562,97669868
302,Alexander,William,8588,24358971
303,Mia,Eleanor,3554,40124705
304,Henry,Henry,6250,78396222
305,Owen,Elizabeth,6732,88978780
306,Emily,Ava,5943,10602021
307,Owen,Elizabeth,3156,93210109
308,Camila,Evelyn,9396,72146758
309,Elizabeth,Emma,8874,97713623
310,Mateo,Owen,3073,48169278
311,Camila,William,3918,64381402
312,Michael,Alexander,3088,42871165
313,Ava,Michael,6802,56220190
314,Jack,Owen,6035,96005136
315,Henry,Mia,8184,54905388
316,Olivia,Oliver,7733,55596213
317,James,Lucas,2916,20249785
318,Ava,Emma,2882,23474112
319,Henry,Benjamin,2654,80091134
320,Lucas,Mila,5844,29330985
321,Elizabeth,Liam,5399,50904940
322,Luna,Violet,7584,41714303
323,Eleanor,Mila,2030,75155428
324,Benjamin,Evelyn,4759,38752045
325,Elijah,Emma,9022,62126028
326,Asher,William,3323,46286633
327,Harper,Jack,6859,97799655
328,Isabella,Scarlett,4754,48049280
329,Violet,Alexander,4617,33364227
330,Elijah,Mila,3677,90097846
331,Daniel,Emma,2511,48279690
332,Samuel,Michael,3708,22117536
333,Noah,Asher,3572,30839450
334,Elizabeth,Oliver,6185,29887676
335,Chloe,Lucas,1152,98247054
336,Theodore,Daniel,1543,82814618
337,Chloe,Sofia,9105,87344613
338,Henry,Oliver,3040,55189765
339,Elizabeth,Sebastian,6535,70614368
340,Asher,Evelyn,8959,72697854
341,Sophia,Alexander,6537,23903631
342,Mia,Liam,2337,43765852
343,Sebastian,Jack,2941,63309479
344,Evelyn,Sebastian,9800,18189852
345,Chloe,Mateo,3580,76981350
346,Emma,James,5841,51143579
347,Daniel,Benjamin,6624,53207433
348,Emma,Henry,1293,64318984
349,Michael,Charlotte,1982,59508771
350,Henry,Amelia,2984,79689313
351,Elijah,James,7545,63117149
352,Violet,Mateo,4254,70257425
353,Chloe,Isabella,6542,36012422
354,Benjamin,Elizabeth,1854,56548422
355,Elizabeth,Asher,4189,89734203
356,Mia,Lucas,3884,81350774
357,Amelia,Charlotte,7233,14346648
358,Charlotte,Noah,3376,47841727
359,Violet,Owen,6576,68451141
360,Sophia,Charlotte,1983,35917028
361,Harper,Henry,9483,30249404
362,Sebastian,Sebastian,2821,95481566
363,Evelyn,Chloe,7410,64566762
364,Samuel,Evelyn,1001,67179879
365,Samuel,Liam,1922,84528477
366,Levi,Noah,4784,77286096
367,Mila,Michael,2179,16633965
368,Samuel,Isabella,2398,83620658
369,Sofia,Elijah,4404,66078601
370,Alexander,Samuel,4900,97597189
371,Emma,Emily,2817,15959968
372,Emma,Elizabeth,5198,68679861
373,Noah,Scarlett,7181,20443716
374,Lucas,Amelia,8432,98337241
375,Samuel,Emma,6523,71033958
376,Mia,Lucas,1653,77599033
377,Elijah,Samuel,3257,39950460
378,Eleanor,Theodore,4129,95835351
379,Levi,Daniel,9901,46305341
380,Mia,Luna,4867,76120012
381,Daniel,Harper,1211,57876256
382,Theodore,Henry,9447,38944323
383,Charlotte,Jack,6714,89002951
384,Mateo,Mateo,3260,31700966
385,Jack,Sofia,5028,66971477
386,Henry,Eleanor,4035,81563769
387,Jack,Violet,6494,84644449
388,Lucas,Elizabeth,7686,14113007
389,Mila,Elizabeth,3786,24967155
390,Charlotte,Ava,7043,42828502
391,Luna,Elijah,9670,86621076
392,Lucas,Henry,5455,63758780
393,Camila,Sofia,2443,26450540
394,Lucas,Daniel,8469,17953219
395,Violet,Amelia,1871,49190532
396,Mila,Amelia,4719,25371929
397,Harper,Elizabeth,5155,68099491
398,Oliver,Theodore,8531,15706369
399,Elizabeth,Sofia,2959,91026916
400,Violet,Henry,2597,40472554
401,William,Emily,6508,32712885
402,William,Luna,8691,28204991
403,Evelyn,Jack,5554,91543237
404,Olivia,Henry,8844,55304916
405,Sophia,Ava,8799,51352169
406,Mia,Charlotte,2623,61512006
407,Mila,Scarlett,1881,34152524
408,Lucas,Theodore,1608,50799813
409,Levi,Mila,8136,80033594
410,Samuel,Theodore,6825,63158334
411,Mia,Samuel,1279,23231032
412,Owen,Eleanor,4221,57095991
413,Liam,Evelyn,4424,65274860
414,Jack,Michael,7627,39564056
415,Sophia,Mateo,2122,91207988
416,Evelyn,Eleanor,3499,82912060
417,Mila,Amelia,2912,62501543
418,Luna,Emma,5212,56859619
419,Sophia,Mateo,1954,26590515
420,Sophia,Isabella,4612,52903389
421,Olivia,Camila,5416,28752566
422,Sebastian,Charlotte,4567,65917776
423,Alexander,Eleanor,1845,57654236
424,Eleanor,Luna,4453,75545005
425,Mia,Theodore,6508,25097740
426,Emma,Camila,8991,15931315
427,Emily,Benjamin,6361,91776497
428,Samuel,Violet,4599,97028529
429,Mia,Jack,7206,27189806
430,Oliver,Elijah,9914,68698328
431,Camila,Henry,3121,42927942
432,Oliver,Scarlett,3459,11176437
433,Lucas,Daniel,8385,36496449
434,Levi,Camila,8023,65563791
435,Sophia,James,5828,84736020
436,Eleanor,Henry,7123,67631155
437,Mia,Theodore,3756,62698622
438,Emily,Sofia,2126,23043767
439,Elizabeth,Elijah,5956,97104000
440,Oliver,William,1803,67982426
441,Lucas,Lucas,4263,26255212
442,William,Emma,9340,96441392
443,Violet,Asher,5439,15392091
444,Camila,Elizabeth,7253,78885878
445,Elijah,Mila,9655,23149334
446,Jack,Emily,3401,87405074
447,Noah,Scarlett,1619,35637678
448,Harper,Noah,3058,16005053
449,James,Amelia,4259,78742421
450,Olivia,Sofia,3117,44252578
451,Michael,Daniel,4879,55793044
452,Lucas,Theodore,8149,55436674
453,Lucas,Luna,9236,26807442
454,Sophia,Mila,8301,92806292
455,Asher,Levi,6610,61386390
456,Sophia,Sophia,1357,35463528
457,Emma,Camila,8029,64859331
458,Emma,Sebastian,1999,71209740
459,Sophia,Scarlett,1423,21155608
460,Emily,Owen,1356,97410334
461,Levi,Mia,9708,24268222
462,Ava,Scarlett,4854,71630612
463,Sofia,Sofia,1115,26909670
464,Violet,Chloe,7863,32288422
465,Henry,Jack,3246,90473344
466,Luna,Owen,3765,70339663
467,Levi,Charlotte,3169,86638602
468,Olivia,Alexander,3542,66548666
469,Alexander,Noah,6489,76991430
470,Lucas,Evelyn,9877,41223417
471,Ava,Levi,8231,34335289
472,Oliver,Henry,4604,23455546
473,Luna,Ava,5668,87317488
474,Henry,Isabella,9872,12142371
475,Camila,Owen,5558,79252283
476,Eleanor,Sofia,6257,68963557
477,Luna,Isabella,5980,92672096
478,Violet,Amelia,8846,39790150
479,Olivia,Asher,7192,86009847
480,Theodore,Oliver,9735,96369411
481,Asher,Mia,3372,88504234
482,Asher,Luna,5899,66188472
483,Owen,Lucas,2686,53441447
484,Owen,Camila,5281,99190019
485,Owen,Luna,1348,51927790
486,James,Charlotte,4560,59860566
487,Asher,Henry,4688,75681750
488,Violet,Mateo,3388,61167484
489,Levi,Alexander,6887,86587599
490,Elizabeth,William,6187,77053512
491,Isabella,Sophia,5480,41075565
492,Sebastian,Sophia,3080,16900842
493,Charlotte,Mateo,4216,12472625
494,Noah,Eleanor,8460,80476288
495,Noah,Isabella,6059,59631437
496,Mateo,Eleanor,6832,29645979
497,Mia,Owen,7850,65565210
498,Michael,Alexander,1836,62453450
499,Amelia,James,4167,19149516
500,Sophia,Levi,7221,36342569
501,Alexander,Camila,3514,51593407
502,Elijah,Samuel,6559,16963973
503,Noah,Eleanor,3252,79210523
504,Liam,Alexander,6346,50380289
505,Amelia,Levi,2913,11590789
506,Lucas,Mila,3671,58588393
507,Liam,Oliver,7482,59466375
508,Camila,Emily,9204,34048534
509,Emily,Camila,9963,83375698
510,Theodore,Mila,3918,58264434
511,William,Mia,7776,39389818
512,Charlotte,Olivia,5156,96857617
513,Charlotte,William,2474,43912791
514,Mia,Liam,1630,25815152
515,Michael,Henry,1689,69079335
516,Elizabeth,Charlotte,1451,41957982
517,Daniel,Jack,5627,87039731
518,Chloe,Violet,4672,97228332
519,Sofia,Sebastian,7273,15088077
520,Isabella,Noah,3985,66153530
521,Liam,Chloe,5490,71422002
522,Asher,Michael,4952,22285044
523,Jack,Theodore,6707,43347364
524,Isabella,Mateo,5059,54805916
525,Liam,Noah,5030,42190408
526,Alexander,Asher,9829,31565038
527,Scarlett,Mia,2669,46121398
528,Elizabeth,Jack,2677,89471253
529,Camila,Michael,1773,86934050
530,Owen,Harper,3150,37279126
531,Sofia,Benjamin,7405,32113098
532,Emma,Ava,8710,91039474
533,Amelia,Charlotte,1733,21364189
534,Emma,Michael,9792,68172394
535,Mateo,Henry,4521,85503501
536,Sophia,Mateo,3391,55168261
537,Violet,Ava,1737,52176892
538,Noah,Jack,1593,27799393
539,Michael,Daniel,8846,35034637
540,Chloe,Liam,1851,91665204
541,Elijah,Liam,6558,24670915
542,Isabella,Mateo,3867,44024250
543,Evelyn,Liam,7169,71099909
544,James,William,4900,10815305
545,Jack,Olivia,7854,32331161
546,Emily,Luna,4446,32613194
547,Lucas,Emily,1088,95394373
548,Sebastian,Elijah,1276,93452373
549,Samuel,Jack,8851,38718383
550,Benjamin,Amelia,3967,80963397
551,Elijah,Lucas,6347,95778350
552,Henry,Mila,1169,93118159
553,Sofia,Evelyn,7553,72604366
554,Mia,Eleanor,7111,70978625
555,Noah,Ava,4466,14736159
556,Emma,Michael,5026,59508710
557,Jack,Daniel,5946,83811127
558,Emily,Harper,7733,20879945
559,Mia,Olivia,9565,52912476
560,Ava,Chloe,8226,95986321
561,Sofia,Evelyn,9707,64630536
562,Mila,Elizabeth,5010,23246711
563,Mila,William,5311,65882683
564,William,Sophia,7547,38112050
565,Mateo,Samuel,4576,77045118
566,Luna,Michael,1146,56877226
567,Mia,Camila,6405,49676815
568,Liam,Daniel,7385,23205402
569,Liam,Levi,4263,66523945
570,Liam,Elizabeth,8062,62678022
571,Eleanor,Sofia,3941,34650511
572,Emily,Jack,5912,80322320
573,Mia,Sebastian,7402,30626680
574,Liam,Samuel,8608,82174046
575,Sofia,Liam,2673,21113707
576,Oliver,Olivia,4427,63904128
577,Sofia,Elizabeth,8173,60287184
578,Levi,Owen,7042,75470605
579,Theodore,Charlotte,4067,33667743
580,Alexander,Samuel,7951,22902873
581,Jack,Chloe,6212,62582774
582,Charlotte,Theodore,9094,60801523
583,Olivia,Harper,5466,60988585
584,Asher,Sebastian,5458,65535519
585,Emma,Levi,7303,84374899
586,Mia,Oliver,2945,88106599
587,Emma,Amelia,7697,68702082
588,Emma,Samuel,4222,11329161
589,Theodore,Emily,3037,51098270
590,Asher,William,5211,94436767
591,Noah,Theodore,2324,20299259
592,Henry,Luna,9509,27241239
593,Camila,Lucas,5085,67419089
594,Emily,Amelia,3060,84575770
595,Evelyn,Liam,7493,24162558
596,Noah,Samuel,1449,32458540
597,Sofia,Ava,5361,12213846
598,Mia,Violet,3872,25875995
599,Theodore,Sofia,6695,52837664
600,Ava,Elijah,9254,82411450
601,Lucas,Michael,3954,51056084
602,Levi,Elijah,4693,70676009
603,Camila,Owen,3199,38900963
604,Samuel,Owen,4884,68288104
605,William,Mia,8062,73533103
606,Elizabeth,Emily,7482,45876686
607,Liam,Olivia,5725,16765225
608,Eleanor,Mila,2301,59938552
609,Mia,Olivia,4679,29336314
610,James,Emma,7817,26766077
611,Lucas,Charlotte,5447,37735495
612,Emily,Benjamin,7973,87025972
613,Alexander,Olivia,4986,78214681
614,Charlotte,Benjamin,6571,57006132
615,Mila,Evelyn,5199,64564324
616,Amelia,Isabella,8390,99425894
617,Owen,Ava,1188,25803471
618,Chloe,Henry,5844,94823802
619,Elizabeth,Elizabeth,4255,32659241
620,Ava,William,6112,17773558
621,Chloe,Benjamin,5690,72211166
622,Michael,Michael,8650,83320463
623,Lucas,Samuel,6980,64847890
624,Chloe,Harper,8126,40716908
625,Violet,Jack,2830,41444431
626,Camila,Olivia,7936,96009640
627,Chloe,Michael,3081,35900990
628,Violet,Violet,3414,62012727
629,Chloe,Michael,8051,49634682
630,Noah,Mia,5350,41583854
631,Lucas,Scarlett,4601,88817853
632,Theodore,Liam,3151,61325627
633,Mila,Harper,4714,39980931
634,Noah,Elizabeth,4253,77598210
635,Chloe,Evelyn,9344,48208415
636,Owen,Oliver,3684,83338872
637,Evelyn,Jack,4990,72830478
638,Alexander,Elizabeth,5886,31893928
639,William,Harper,1074,58314543
640,Noah,Ava,7382,17716368
641,Chloe,William,9316,68219790
642,William,Emily,7884,73328233
643,Luna,Isabella,7846,88726641
644,Charlotte,Asher,7890,70080443
645,Isabella,William,8474,60449219
646,Samuel,James,1138,39527313
647,Lucas,Eleanor,7215,59803496
648,Sophia,Owen,8116,80240086
649,Theodore,Harper,2087,66934085
650,Elizabeth,Isabella,8405,12365586
651,Isabella,Levi,6751,94974679
652,Jack,Isabella,5014,74552420
653,Mateo,Violet,1658,39388843
654,Oliver,Isabella,2240,27885323
655,Sofia,Alexander,6548,70266558
656,Violet,Alexander,9580,84308966
657,Sebastian,Benjamin,3535,46436072
658,Isabella,Elijah,1504,89246920
659,Luna,Charlotte,9014,81893967
660,Chloe,Camila,2449,56928064
661,Isabella,Violet,7806,35245120
662,Theodore,Luna,7047,60554824
663,Elijah,Emma,8892,14011721
664,Asher,James,8650,42638363
665,Sofia,Jack,6547,84941709
666,Owen,Scarlett,8901,95511685
667,Camila,Levi,5196,32095486
668,Liam,Alexander,7423,69639307
669,Mila,Owen,8282,33020840
670,Scarlett,Chloe,3384,34917293
671,Mila,Theodore,1551,82653715
672,Daniel,Liam,1716,29516612
673,Benjamin,Henry,4240,18935592
674,Isabella,Jack,2080,98027057
675,Mia,Owen,9085,14974330
676,Camila,Amelia,3296,62064068
677,James,Harper,9090,94507268
678,Chloe,Elijah,7433,36567062
679,Mateo,Camila,2368,94121570
680,Scarlett,Jack,2215,23661231
681,Oliver,Sofia,8249,73160386
682,Alexander,Benjamin,7835,84501073
683,Emily,Lucas,3565,95890522
684,Elizabeth,Mateo,3153,14581854
685,Olivia,Chloe,9082,92862016
686,William,Lucas,2205,58398008
687,Harper,Henry,5614,86716626
688,Emma,Michael,6050,29694500
689,Elizabeth,Charlotte,3257,16968955
690,Charlotte,Emma,1676,41654040
691,Benjamin,Mila,8517,58074964
692,Liam,Elizabeth,6132,28566991
693,Henry,Sophia,8447,25666908
694,Asher,Alexander,1746,18009253
695,Chloe,William,1809,73738031
696,Chloe,Jack,2736,17762406
697,Alexander,Daniel,9460,50226342
698,Theodore,Mila,2135,56332832
699,Camila,Harper,7088,43557815
700,Michael,Scarlett,6566,73041635
701,Charlotte,Amelia,7911,62366998
702,Isabella,Isabella,2041,28440022
703,Noah,James,2275,47572199
704,Camila,Alexander,2086,70055393
705,Chloe,Alexander,9988,55718776
706,Samuel,Michael,3132,86605138
707,Lucas,Amelia,5455,80993078
708,Harper,James,5810,18048909
709,Emily,Oliver,7578,56349959
710,Michael,James,9642,45912335
711,Olivia,William,5542,16806297
712,Mateo,Daniel,2967,14217923
713,Owen,Elizabeth,1213,23852297
714,Evelyn,Sofia,1740,17090899
715,Theodore,Ava,1275,54044030
716,Evelyn,Henry,7646,32338578
717,William,Theodore,5008,93560119
718,Sophia,Sebastian,5063,33782998
719,Mila,Scarlett,5495,50085764
720,Evelyn,Eleanor,1913,84184138
721,Theodore,Asher,3500,90412896
722,Harper,Emily,5634,75074209
723,Henry,Lucas,5375,74180987
724,Liam,Theodore,5795,24354666
725,Sofia,Scarlett,3448,46563389
726,Luna,Ava,6852,13643235
727,Theodore,Asher,5336,91885651
728,Evelyn,Sophia,2340,79588216
729,Elizabeth,Sofia,5893,83694953
730,Mila,Isabella,9030,89064094
731,Sofia,Harper,7734,98657073
732,Owen,Harper,2332,75252217
733,Mila,Sophia,9697,26387157
734,Liam,Sebastian,4646,46996554
735,Owen,Asher,3915,56103449
736,Oliver,Sofia,5231,95588311
737,Sophia,Owen,2651,66433709
738,Charlotte,Lucas,3679,93727502
739,Theodore,Harper,5537,88961457
740,Theodore,Oliver,9553,41292287
741,Sophia,Violet,6028,17076615
742,Elizabeth,Camila,9614,81277567
743,Scarlett,Theodore,3780,82971085
744,Elizabeth,Isabella,4933,52991336
745,James,Asher,3435,43699931
746,Olivia,Lucas,8108,90303413
747,Emily,Benjamin,6422,12573753
748,Alexander,Ava,9228,84935315
749,Olivia,Camila,7556,98024827
750,Olivia,Olivia,4896,37713599
751,Michael,Camila,6569,52199060
752,Mateo,William,2032,53658278
753,Daniel,Sophia,3143,26857428
754,Jack,Mila,4539,22205758
755,Mia,Emma,1513,55979548
756,Elijah,Violet,4903,62527695
757,Olivia,Owen,7038,59524833
758,Isabella,Ava,8880,21327325
759,Owen,Sophia,7300,19258034
760,Charlotte,Elijah,2709,79400415
761,Chloe,Mia,5278,86575636
762,Emily,Ava,7022,24046857
763,Noah,Camila,5186,80704080
764,Owen,Charlotte,2065,45152902
765,Asher,James,4785,61497341
766,Emma,Lucas,6021,52888757
767,Jack,William,5057,48488196
768,Camila,Lucas,7752,97053749
769,Mia,Lucas,1792,98843482
770,Theodore,Camila,5451,85283350
771,Mateo,Violet,4186,71100299
772,Theodore,James,4131,39563937
773,Elizabeth,Henry,7117,46396414
774,Sebastian,Asher,8292,98352474
775,Alexander,Liam,2730,57030657
776,Ava,Daniel,4637,40026642
777,Elijah,Violet,9218,59439028
778,Lucas,Levi,4950,18284852
779,Emma,Asher,8160,43648687
780,James,Theodore,5038,94353319
781,Scarlett,Henry,1049,73491574
782,Noah,Noah,8359,39480346
783,Emma,Liam,5127,68246652
784,Eleanor,Lucas,3222,79419518
785,James,William,8274,54086004
786,Mila,Noah,7331,32319856
787,Mia,Lucas,2538,43464291
788,Ava,Noah,2198,93653040
789,Violet,Eleanor,6228,40456658
790,Amelia,Jack,5968,64296043
791,Mila,Lucas,3003,72364823
792,Violet,Asher,6505,69205666
793,Isabella,Mateo,2955,18502312
794,Levi,Lucas,7459,55557852
795,Elizabeth,James,7192,15978657
796,Luna,Harper,9225,49841964
797,Mia,Harper,6468,48475377
798,Elijah,William,7324,13254744
799,Sebastian,Camila,2651,74294529
800,Michael,Isabella,2547,21735545
801,Asher,Benjamin,4374,14852913
802,Charlotte,Ava,3123,79908308
803,James,Jack,3634,50818053
804,Luna,Jack,5252,52430630
805,Isabella,Theodore,3901,45011265
806,Chloe,Scarlett,8802,24675321
807,Ava,Lucas,4887,62368252
808,Olivia,Mila,2470,38020951
809,Emily,Sophia,7587,97438961
810,Ava,Harper,4296,33490627
811,Elijah,Amelia,2146,97736985
812,Elijah,Evelyn,5718,70183792
813,Emily,Chloe,2450,20050640
814,Jack,Evelyn,8989,69799767
815,Michael,Elizabeth,3746,74932305
816,Eleanor,Levi,5254,38599004
817,Violet,Sebastian,7211,24428545
818,Elizabeth,Mateo,9154,55689586
819,Sophia,Mia,9417,82913860
820,Ava,Mateo,3909,31002311
821,Alexander,Henry,6641,75916517
822,Lucas,Mateo,3607,97693066
823,Elizabeth,Michael,1901,79587166
824,Charlotte,Alexander,7299,92975158
825,Jack,Lucas,4172,76649784
826,James,Daniel,7097,64549784
827,Elijah,Evelyn,6715,88653250
828,Theodore,Theodore,1424,71304961
829,Emma,Michael,7084,16272314
830,Alexander,Chloe,4506,71900011
831,Scarlett,Charlotte,7873,56409080
832,Theodore,Mia,4881,42223442
833,Olivia,Oliver,5356,37970481
834,Asher,Sofia,9889,19092636
835,James,Mila,7476,30853523
836,Liam,Daniel,2891,90788267
837,Eleanor,Michael,7751,37501579
838,Jack,Evelyn,7453,85573390
839,Noah,Sofia,1780,20289086
840,Amelia,Sebastian,4896,83088924
841,Mateo,Sebastian,1183,33491225
842,Benjamin,Theodore,4658,96772510
843,Isabella,Amelia,3502,48112339
844,Elizabeth,Samuel,6842,55862474
845,Camila,Amelia,9473,78619363
846,Sophia,Noah,3754,13400414
847,Elijah,James,1925,71096644
848,Asher,Michael,6687,58201795
849,William,Daniel,7877,27494441
850,Daniel,Alexander,1394,94973510
851,Eleanor,Luna,5315,44663468
852,Mia,Evelyn,4793,54111847
853,Sofia,Owen,4832,96144020
854,Eleanor,William,1912,74768345
855,Elizabeth,Luna,9822,19678922
856,Chloe,Chloe,1702,55299581
857,Lucas,Daniel,2450,29218246
858,Alexander,Camila,7768,97068047
859,Camila,Sofia,6712,28175986
860,Elijah,Scarlett,8156,50902963
861,Alexander,Camila,8607,38944819
862,Benjamin,Amelia,6149,65246696
863,Emma,Sebastian,2785,64036967
864,Liam,Lucas,5355,66756228
865,Oliver,Mateo,5209,67467312
866,Mia,Jack,2412,83562330
867,Sophia,Elijah,5463,41690319
868,Benjamin,Amelia,2117,75454562
869,Elizabeth,Evelyn,1509,13316506
870,Liam,Samuel,1610,90831724
871,Theodore,Alexander,9490,66700189
872,Theodore,Benjamin,5306,77020483
873,William,Asher,9686,26191190
874,Asher,Henry,3587,74647008
875,Evelyn,Luna,1575,22074503
876,Olivia,Daniel,4374,10085992
877,Luna,William,8350,99360125
878,Theodore,Charlotte,1371,54085370
879,Mila,Sebastian,4063,80056977
880,Lucas,Eleanor,8350,50711836
881,Luna,Henry,6032,37964747
882,Mia,Mila,2984,77696370
883,Michael,Elizabeth,1608,78535946
884,Emily,Olivia,4321,14212585
885,Levi,Charlotte,5642,53200712
886,Owen,Mila,2628,85394420
887,Liam,Benjamin,9578,63044821
888,Theodore,Elijah,7745,40638731
889,Elizabeth,Samuel,5731,64938720
890,Mia,Chloe,4436,65219373
891,Amelia,Mateo,3594,70917524
892,Theodore,Lucas,7750,82594973
893,Sofia,Sofia,7354,24073210
894,Henry,Olivia,8171,15374645
895,Samuel,Luna,1880,82440636
896,Mia,Isabella,8156,65884799
897,Sofia,Amelia,4998,97690973
898,Mateo,Emily,5771,52595160
899,Sofia,Eleanor,3474,72440969
900,Daniel,Ava,5751,98628448
901,Asher,Sophia,5895,81721303
902,Emma,Asher,3057,22242174
903,Lucas,Amelia,5370,88157386
904,William,Ava,3692,99435144
905,Mia,Henry,6889,49657145
906,Jack,Asher,1859,99993534
907,Scarlett,Ava,9410,98938070
908,Ava,Liam,5574,46917330
909,Asher,Scarlett,5282,79394366
910,Harper,Mateo,7689,80001922
911,Samuel,Elijah,8181,91934838
912,Mila,Theodore,4139,99084181
913,Violet,Violet,9178,38077935
914,Samuel,Jack,1384,97999580
915,Michael,Henry,4135,60167749
916,Mia,Sophia,3194,98895830
917,Sophia,Oliver,7705,73591576
918,Noah,Daniel,1330,89792378
919,Theodore,Henry,3903,29830988
920,Mia,Eleanor,9820,65524733
921,Oliver,Elizabeth,4808,38566711
922,Scarlett,Isabella,6637,35499027
923,Chloe,Henry,6592,18417563
924,James,Mia,6689,20281189
925,Sophia,Amelia,1969,33912981
926,Elijah,Isabella,6392,27585811
927,Scarlett,William,4197,61281864
928,Lucas,Owen,3859,95360681
929,Mila,Emily,7921,39910717
930,Violet,Michael,8061,36103601
931,Emma,Evelyn,4063,47526555
932,Emma,Harper,2321,15674484
933,Mateo,Sebastian,9806,18284032
934,Sofia,Eleanor,3368,56083551
935,Harper,Camila,3581,24098265
936,Emma,Sophia,3588,52703366
937,Camila,Isabella,4746,97493927
938,Mia,Amelia,8737,94052623
939,Levi,Mia,9360,77255741
940,Mia,Lucas,2670,14575252
941,Emma,Benjamin,9902,49684741
942,Benjamin,Mila,2166,39176352
943,Mateo,Mila,9000,80149686
944,Elizabeth,Camila,4854,58861466
945,Levi,Owen,8002,80283299
946,Evelyn,Sophia,3467,36652577
947,Sofia,Elizabeth,5612,41722425
948,Emma,Noah,2341,44429874
949,Emma,Emily,3043,97877554
950,Evelyn,Scarlett,4802,70305024
951,Henry,Harper,5527,63791729
952,Sebastian,Harper,1226,82938342
953,Isabella,Sophia,3756,29772109
954,Daniel,Olivia,8597,35797256
955,Michael,Mia,8518,33748527
956,Chloe,Olivia,3538,21825940
957,Sophia,Levi,9051,80764850
958,Ava,Chloe,3298,51686614
959,Mateo,Levi,8785,34130808
960,Scarlett,Isabella,3997,74086826
961,Owen,Elijah,7537,69477152
962,Amelia,Scarlett,3489,27574166
963,Daniel,Emily,4649,46932009
964,Theodore,Mateo,7739,97412741
965,Chloe,James,7241,35827198
966,Charlotte,Elizabeth,7991,49635204
967,Camila,Harper,9043,49336896
968,Luna,Henry,2674,56498017
969,Michael,Mila,2216,89804604
970,James,Jack,3408,46766416
971,Mia,Lucas,7957,23495317
972,Jack,Charlotte,9776,87591614
973,Daniel,Asher,7880,60112348
974,Mila,Daniel,8202,49954968
975,Samuel,Evelyn,3722,11926144
976,Theodore,Sebastian,2378,46258826
977,Noah,Camila,3658,57747840
978,Mila,Emily,1245,44096327
979,Elizabeth,James,1552,34940730
980,Evelyn,Harper,3637,24634963
981,Oliver,Mateo,6733,92337362
982,Ava,Eleanor,5846,37303119
983,Elijah,Levi,3131,67722320
984,Amelia,Samuel,3593,12983343
985,Oliver,Emily,6473,85169777
986,Isabella,Camila,4094,22840340
987,Harper,Emily,4053,68927315
988,Alexander,Lucas,3769,91527140
989,Asher,Michael,5882,66687611
990,Emily,Noah,7183,11880054
991,Daniel,Michael,1376,50251800
992,Jack,Asher,7816,73345040
993,Luna,Amelia,2052,57406057
994,Alexander,Benjamin,9492,45815313
995,Camila,Eleanor,4942,16139451
996,Levi,Mia,3929,59291286
997,Emma,Olivia,4289,23123503
998,Isabella,Liam,6072,37227548
999,Liam,Oliver,9286,35502630
1000,Mia,Sebastian,5899,31987154
